<?xml version="1.0" encoding="UTF-8"?>
<beans xmlns="http://www.springframework.org/schema/beans"
	xmlns:xsi="http://www.w3.org/2001/XMLSchema-instance"
	xsi:schemaLocation="http://www.springframework.org/schema/beans http://www.springframework.org/schema/beans/spring-beans.xsd">

	<bean id="emp" class="com.cg.labOne3.Employee" >
		<property name="employeeId" value="12345" />
		<property name="employeeName" value="Harriet" />
		<property name="salary" value="40000.0" />
		
	</bean>
	<bean class="com.cg.labOne3.Sbu">
		<property name="sbuCode" value="PES-BU" />
		<property name="sbuName" value="Product Engineering Services" />
		<property name="sbuHead" value="Kiran Rao" />
		<property name="empList" ref="emp"/>
		
	</bean>
	<bean id="emp1" class="com.cg.labOne3.Employee" >
	<property name="employeeId" value="12346" />
		<property name="employeeName" value="Harriet" />
		<property name="salary" value="40000.0" />
		
	</bean>
</beans>
