<?xml version="1.0" encoding="UTF-8"?>
<beans xmlns="http://www.springframework.org/schema/beans"
	xmlns:xsi="http://www.w3.org/2001/XMLSchema-instance"
	xsi:schemaLocation="http://www.springframework.org/schema/beans http://www.springframework.org/schema/beans/spring-beans.xsd">

	<bean class="com.cg.labOne2.Employee" id="emp">
		<!-- Setter Injection -->
		<property name="employeeId" value="12345" />
		<property name="employeeName" value="Harriet" />
		<property name="salary" value="40000.0" />
		<property name="businessUnit" value="PES-BU" />
		<property name="employeeAge" value="30" />
		<property name="sbu" ref="sbu"/>
	</bean>

	<bean id="sbu" class="com.cg.labOne2.Sbu">
		<!-- Constructor injection -->
		<constructor-arg name="sbuCode" value="PES-BU" />
		<constructor-arg name="sbuName"	value="Product Engineering Services" />
		<constructor-arg name="sbuHead" value="Kiran Rao"/>
	</bean>

</beans>
